,0
0,"     10,95 €  "
1,"     21,50 €   -17% 25,70 €"
2,"     34,99 €   -15% 41,15 €"
3,"     25,99 €   -16% 30,85 €"
4,"     29,99 €   -17% 36,00 €"
5,"     21,99 €   -17% 26,45 €"
6,"     11,75 €   -16% 13,90 €"
7,"     10,99 €   -19% 13,50 €"
8,"     25,50 €   -16% 30,20 €"
9,"     10,50 €   -16% 12,40 €"
10,"     4,99 €   -21% 6,30 €"
11,"     20,99 €   -21% 26,45 €"
12,"     20,99 €   -21% 26,45 €"
13,"     1,99 €  "
14,"     1,99 €  "
15,"   Desde   9,95 €  "
16,"     10,99 €   -14% 12,75 €"
17,"     7,95 €   -19% 9,75 €"
18,"     28,75 €   -16% 34,00 €"
19,"     7,95 €   -28% 10,95 €"
20,"     15,99 €  "
21,"     14,99 €   -17% 18,05 €"
22,"     28,75 €   -21% 36,00 €"
23,"     13,99 €   -14% 16,10 €"
