,0,1,2
0,"<div class=""left-block""><div class=""product-image-container""> <a class=""product-image product_img_link"" href=""https://www.primor.eu/deiters/68835-fisiocannabis-crema-en-gel-alivio-muscular-y-articular.html"" itemprop=""item"" onclick=""onProductClick('category', '68835', 'FisioCannabis Crema en Gel Alivio Muscular y Articular', '10.95', 'Deiters', 'dermocosmetica', '', '1', '8430022001310')"" title=""FisioCannabis Crema en Gel Alivio Muscular y Articular""><span class=""product-new style-02"">Nuevo</span> <img alt=""FisioCannabis Crema en Gel Alivio Muscular y Articular"" class=""replace-2x img-responsive"" data-src=""https://cdns3-2.primor.eu/145788-large/fisiocannabis-crema-en-gel-alivio-muscular-y-articular.jpg"" itemprop=""image"" title=""FisioCannabis Crema en Gel Alivio Muscular y Articular""/></a></div></div>","<div class=""right-block""><h4 class=""product-manufacturer""> <a href=""https://www.primor.eu/deiters/68835-fisiocannabis-crema-en-gel-alivio-muscular-y-articular.html"" onclick=""onProductClick('category', '68835', 'FisioCannabis Crema en Gel Alivio Muscular y Articular', '10.95', 'Deiters', 'dermocosmetica', '', '1', '8430022001310')"" title=""FisioCannabis Crema en Gel Alivio Muscular y Articular""> Deiters </a></h4><h5 class=""product-name"" itemprop=""name""> <a href=""https://www.primor.eu/deiters/68835-fisiocannabis-crema-en-gel-alivio-muscular-y-articular.html"" onclick=""onProductClick('category', '68835', 'FisioCannabis Crema en Gel Alivio Muscular y Articular', '10.95', 'Deiters', 'dermocosmetica', '', '1', '8430022001310')"" title=""FisioCannabis Crema en Gel Alivio Muscular y Articular""> FisioCannabis Crema en Gel Alivio Muscular... </a></h5><div><div class=""content_price price-box clearfix""> <span class=""price product-price pull-left""> <span class=""product-price-from""> </span> <span> 10,95 € </span> </span><div class=""reduction-data pull-right""></div></div> <span class=""availability etiqueta-disponible""> <span class=""available-now""> Disponible </span> </span></div><div class=""functional-buttons clearfix""><div class=""wishlist""> <a class=""addToWishlist wishlistProd_68835"" href=""#"" onclick=""WishlistCart('wishlist_block_list', 'add', '68835', '94320', 1); return false;"" rel=""68835"" title=""Añadir a la lista de deseos""> <i class=""fa fa-heart""></i><span>Añadir a la lista de deseos</span> </a></div></div><div class=""button-container""> <a class=""ajax_add_to_cart_button btn-cart"" data-id-product=""68835"" data-minimal_quantity=""1"" data-product-brand=""Deiters"" data-product-category=""dermocosmetica"" data-product-name=""FisioCannabis Crema en Gel Alivio Muscular y Articular"" data-product-variant=""60 ML"" data-product-variant-id=""94320"" href=""https://www.primor.eu/carro-de-la-compra?add=1&amp;id_product=68835&amp;token=e3b18ac2ea3399860279896bdfc164cd"" rel=""nofollow"" title=""Comprar""> <span><i class=""fa fa-shopping-cart""></i>Comprar</span> </a></div><div class=""product-flags""></div></div>","<span class=""container-line""></span>"
1,"<div class=""left-block""><div class=""product-image-container""> <a class=""product-image product_img_link"" href=""https://www.primor.eu/sesderma/67425-serenity-bruma-rostro-y-almohada.html"" itemprop=""item"" onclick=""onProductClick('category', '67425', 'Serenity Bruma Rostro y Almohada', '21.5', 'Sesderma', 'antiarrugas', '', '2', '8429979457257')"" title=""Serenity Bruma Rostro y Almohada""> <img alt=""Serenity Bruma Rostro y Almohada"" class=""replace-2x img-responsive"" data-src=""https://cdns3-2.primor.eu/139359-large/serenity-bruma-rostro-y-almohada.jpg"" itemprop=""image"" title=""Serenity Bruma Rostro y Almohada""/></a></div></div>","<div class=""right-block""><h4 class=""product-manufacturer""> <a href=""https://www.primor.eu/sesderma/67425-serenity-bruma-rostro-y-almohada.html"" onclick=""onProductClick('category', '67425', 'Serenity Bruma Rostro y Almohada', '21.5', 'Sesderma', 'antiarrugas', '', '2', '8429979457257')"" title=""Serenity Bruma Rostro y Almohada""> Sesderma </a></h4><h5 class=""product-name"" itemprop=""name""> <a href=""https://www.primor.eu/sesderma/67425-serenity-bruma-rostro-y-almohada.html"" onclick=""onProductClick('category', '67425', 'Serenity Bruma Rostro y Almohada', '21.5', 'Sesderma', 'antiarrugas', '', '2', '8429979457257')"" title=""Serenity Bruma Rostro y Almohada""> Serenity Bruma Rostro y Almohada </a></h5><div><div class=""content_price price-box clearfix""> <span class=""price product-price pull-left""> <span class=""product-price-from""> </span> <span> 21,50 € </span> </span><div class=""reduction-data pull-right""> <span class=""price-percent-reduction pull-right"">-17%</span> <span class=""old-price product-price"">25,70 €</span></div></div> <span class=""availability etiqueta-disponible""> <span class=""available-now""> Disponible </span> </span></div><div class=""functional-buttons clearfix""><div class=""wishlist""> <a class=""addToWishlist wishlistProd_67425"" href=""#"" onclick=""WishlistCart('wishlist_block_list', 'add', '67425', '91895', 1); return false;"" rel=""67425"" title=""Añadir a la lista de deseos""> <i class=""fa fa-heart""></i><span>Añadir a la lista de deseos</span> </a></div></div><div class=""button-container""> <a class=""ajax_add_to_cart_button btn-cart"" data-id-product=""67425"" data-minimal_quantity=""1"" data-product-brand=""Sesderma"" data-product-category=""antiarrugas"" data-product-name=""Serenity Bruma Rostro y Almohada"" data-product-variant=""100 ML"" data-product-variant-id=""91895"" href=""https://www.primor.eu/carro-de-la-compra?add=1&amp;id_product=67425&amp;token=e3b18ac2ea3399860279896bdfc164cd"" rel=""nofollow"" title=""Comprar""> <span><i class=""fa fa-shopping-cart""></i>Comprar</span> </a></div><div class=""product-flags""></div></div>","<span class=""container-line""></span>"
2,"<div class=""left-block""><div class=""product-image-container""> <a class=""product-image product_img_link"" href=""https://www.primor.eu/sesderma/67424-serenity-serum-liposomal-noche-antienvejecimiento.html"" itemprop=""item"" onclick=""onProductClick('category', '67424', 'Serenity Sérum Liposomal Noche Antienvejecimiento', '34.99', 'Sesderma', 'antiarrugas', '', '3', '8429979457264')"" title=""Serenity Sérum Liposomal Noche Antienvejecimiento""> <img alt=""Serenity Sérum Liposomal Noche Antienvejecimiento"" class=""replace-2x img-responsive"" data-src=""https://cdns3-2.primor.eu/139360-large/serenity-serum-liposomal-noche-antienvejecimiento.jpg"" itemprop=""image"" title=""Serenity Sérum Liposomal Noche Antienvejecimiento""/></a></div></div>","<div class=""right-block""><h4 class=""product-manufacturer""> <a href=""https://www.primor.eu/sesderma/67424-serenity-serum-liposomal-noche-antienvejecimiento.html"" onclick=""onProductClick('category', '67424', 'Serenity Sérum Liposomal Noche Antienvejecimiento', '34.99', 'Sesderma', 'antiarrugas', '', '3', '8429979457264')"" title=""Serenity Sérum Liposomal Noche Antienvejecimiento""> Sesderma </a></h4><h5 class=""product-name"" itemprop=""name""> <a href=""https://www.primor.eu/sesderma/67424-serenity-serum-liposomal-noche-antienvejecimiento.html"" onclick=""onProductClick('category', '67424', 'Serenity Sérum Liposomal Noche Antienvejecimiento', '34.99', 'Sesderma', 'antiarrugas', '', '3', '8429979457264')"" title=""Serenity Sérum Liposomal Noche Antienvejecimiento""> Serenity Sérum Liposomal Noche... </a></h5><div><div class=""content_price price-box clearfix""> <span class=""price product-price pull-left""> <span class=""product-price-from""> </span> <span> 34,99 € </span> </span><div class=""reduction-data pull-right""> <span class=""price-percent-reduction pull-right"">-15%</span> <span class=""old-price product-price"">41,15 €</span></div></div> <span class=""availability etiqueta-disponible""> <span class=""available-now""> Disponible </span> </span></div><div class=""functional-buttons clearfix""><div class=""wishlist""> <a class=""addToWishlist wishlistProd_67424"" href=""#"" onclick=""WishlistCart('wishlist_block_list', 'add', '67424', '91896', 1); return false;"" rel=""67424"" title=""Añadir a la lista de deseos""> <i class=""fa fa-heart""></i><span>Añadir a la lista de deseos</span> </a></div></div><div class=""button-container""> <a class=""ajax_add_to_cart_button btn-cart"" data-id-product=""67424"" data-minimal_quantity=""1"" data-product-brand=""Sesderma"" data-product-category=""antiarrugas"" data-product-name=""Serenity Sérum Liposomal Noche Antienvejecimiento"" data-product-variant=""30 ML"" data-product-variant-id=""91896"" href=""https://www.primor.eu/carro-de-la-compra?add=1&amp;id_product=67424&amp;token=e3b18ac2ea3399860279896bdfc164cd"" rel=""nofollow"" title=""Comprar""> <span><i class=""fa fa-shopping-cart""></i>Comprar</span> </a></div><div class=""product-flags""></div></div>","<span class=""container-line""></span>"
3,"<div class=""left-block""><div class=""product-image-container""> <a class=""product-image product_img_link"" href=""https://www.primor.eu/sesderma/67423-serenity-mascarilla-facial-nocturna.html"" itemprop=""item"" onclick=""onProductClick('category', '67423', 'Serenity Mascarilla Facial Nocturna Antienvejecimiento', '25.99', 'Sesderma', 'antiarrugas', '', '4', '8429979455055')"" title=""Serenity Mascarilla Facial Nocturna Antienvejecimiento""> <img alt=""Serenity Mascarilla Facial Nocturna"" class=""replace-2x img-responsive"" data-src=""https://cdns3-1.primor.eu/139358-large/serenity-mascarilla-facial-nocturna.jpg"" itemprop=""image"" title=""Serenity Mascarilla Facial Nocturna""/></a></div></div>","<div class=""right-block""><h4 class=""product-manufacturer""> <a href=""https://www.primor.eu/sesderma/67423-serenity-mascarilla-facial-nocturna.html"" onclick=""onProductClick('category', '67423', 'Serenity Mascarilla Facial Nocturna Antienvejecimiento', '25.99', 'Sesderma', 'antiarrugas', '', '4', '8429979455055')"" title=""Serenity Mascarilla Facial Nocturna Antienvejecimiento""> Sesderma </a></h4><h5 class=""product-name"" itemprop=""name""> <a href=""https://www.primor.eu/sesderma/67423-serenity-mascarilla-facial-nocturna.html"" onclick=""onProductClick('category', '67423', 'Serenity Mascarilla Facial Nocturna Antienvejecimiento', '25.99', 'Sesderma', 'antiarrugas', '', '4', '8429979455055')"" title=""Serenity Mascarilla Facial Nocturna Antienvejecimiento""> Serenity Mascarilla Facial Nocturna... </a></h5><div><div class=""content_price price-box clearfix""> <span class=""price product-price pull-left""> <span class=""product-price-from""> </span> <span> 25,99 € </span> </span><div class=""reduction-data pull-right""> <span class=""price-percent-reduction pull-right"">-16%</span> <span class=""old-price product-price"">30,85 €</span></div></div> <span class=""availability etiqueta-disponible""> <span class=""available-now""> Disponible </span> </span></div><div class=""functional-buttons clearfix""><div class=""wishlist""> <a class=""addToWishlist wishlistProd_67423"" href=""#"" onclick=""WishlistCart('wishlist_block_list', 'add', '67423', '91894', 1); return false;"" rel=""67423"" title=""Añadir a la lista de deseos""> <i class=""fa fa-heart""></i><span>Añadir a la lista de deseos</span> </a></div></div><div class=""button-container""> <a class=""ajax_add_to_cart_button btn-cart"" data-id-product=""67423"" data-minimal_quantity=""1"" data-product-brand=""Sesderma"" data-product-category=""antiarrugas"" data-product-name=""Serenity Mascarilla Facial Nocturna Antienvejecimiento"" data-product-variant=""50 ML"" data-product-variant-id=""91894"" href=""https://www.primor.eu/carro-de-la-compra?add=1&amp;id_product=67423&amp;token=e3b18ac2ea3399860279896bdfc164cd"" rel=""nofollow"" title=""Comprar""> <span><i class=""fa fa-shopping-cart""></i>Comprar</span> </a></div><div class=""product-flags""></div></div>","<span class=""container-line""></span>"
4,"<div class=""left-block""><div class=""product-image-container""> <a class=""product-image product_img_link"" href=""https://www.primor.eu/sesderma/67422-serenity-crema-de-noche.html"" itemprop=""item"" onclick=""onProductClick('category', '67422', 'Serenity Crema de Noche Antienvejecimiento', '29.99', 'Sesderma', 'antiarrugas', '', '5', '8429979457240')"" title=""Serenity Crema de Noche Antienvejecimiento""> <img alt=""Serenity Crema de Noche"" class=""replace-2x img-responsive"" data-src=""https://cdns3-2.primor.eu/139357-large/serenity-crema-de-noche.jpg"" itemprop=""image"" title=""Serenity Crema de Noche""/></a></div></div>","<div class=""right-block""><h4 class=""product-manufacturer""> <a href=""https://www.primor.eu/sesderma/67422-serenity-crema-de-noche.html"" onclick=""onProductClick('category', '67422', 'Serenity Crema de Noche Antienvejecimiento', '29.99', 'Sesderma', 'antiarrugas', '', '5', '8429979457240')"" title=""Serenity Crema de Noche Antienvejecimiento""> Sesderma </a></h4><h5 class=""product-name"" itemprop=""name""> <a href=""https://www.primor.eu/sesderma/67422-serenity-crema-de-noche.html"" onclick=""onProductClick('category', '67422', 'Serenity Crema de Noche Antienvejecimiento', '29.99', 'Sesderma', 'antiarrugas', '', '5', '8429979457240')"" title=""Serenity Crema de Noche Antienvejecimiento""> Serenity Crema de Noche Antienvejecimiento </a></h5><div><div class=""content_price price-box clearfix""> <span class=""price product-price pull-left""> <span class=""product-price-from""> </span> <span> 29,99 € </span> </span><div class=""reduction-data pull-right""> <span class=""price-percent-reduction pull-right"">-17%</span> <span class=""old-price product-price"">36,00 €</span></div></div> <span class=""availability etiqueta-disponible""> <span class=""available-now""> Disponible </span> </span></div><div class=""functional-buttons clearfix""><div class=""wishlist""> <a class=""addToWishlist wishlistProd_67422"" href=""#"" onclick=""WishlistCart('wishlist_block_list', 'add', '67422', '91893', 1); return false;"" rel=""67422"" title=""Añadir a la lista de deseos""> <i class=""fa fa-heart""></i><span>Añadir a la lista de deseos</span> </a></div></div><div class=""button-container""> <a class=""ajax_add_to_cart_button btn-cart"" data-id-product=""67422"" data-minimal_quantity=""1"" data-product-brand=""Sesderma"" data-product-category=""antiarrugas"" data-product-name=""Serenity Crema de Noche Antienvejecimiento"" data-product-variant=""50 ML"" data-product-variant-id=""91893"" href=""https://www.primor.eu/carro-de-la-compra?add=1&amp;id_product=67422&amp;token=e3b18ac2ea3399860279896bdfc164cd"" rel=""nofollow"" title=""Comprar""> <span><i class=""fa fa-shopping-cart""></i>Comprar</span> </a></div><div class=""product-flags""></div></div>","<span class=""container-line""></span>"
5,"<div class=""left-block""><div class=""product-image-container""> <a class=""product-image product_img_link"" href=""https://www.primor.eu/klorane/67371-gel-crema-hidratante-con-agua-de-aciano.html"" itemprop=""item"" onclick=""onProductClick('category', '67371', 'Gel Crema Hidratante con Agua de Aciano', '21.99', 'Klorane', 'hidratantes-naturales', '', '6', '3282770208016')"" title=""Gel Crema Hidratante con Agua de Aciano""> <img alt=""Gel Crema Hidratante con Agua de Flor de Maíz"" class=""replace-2x img-responsive"" data-src=""https://cdns3-1.primor.eu/139046-large/gel-crema-hidratante-con-agua-de-aciano.jpg"" itemprop=""image"" title=""Gel Crema Hidratante con Agua de Flor de Maíz""/></a></div></div>","<div class=""right-block""><h4 class=""product-manufacturer""> <a href=""https://www.primor.eu/klorane/67371-gel-crema-hidratante-con-agua-de-aciano.html"" onclick=""onProductClick('category', '67371', 'Gel Crema Hidratante con Agua de Aciano', '21.99', 'Klorane', 'hidratantes-naturales', '', '6', '3282770208016')"" title=""Gel Crema Hidratante con Agua de Aciano""> Klorane </a></h4><h5 class=""product-name"" itemprop=""name""> <a href=""https://www.primor.eu/klorane/67371-gel-crema-hidratante-con-agua-de-aciano.html"" onclick=""onProductClick('category', '67371', 'Gel Crema Hidratante con Agua de Aciano', '21.99', 'Klorane', 'hidratantes-naturales', '', '6', '3282770208016')"" title=""Gel Crema Hidratante con Agua de Aciano""> Gel Crema Hidratante con Agua de Aciano </a></h5><div><div class=""content_price price-box clearfix""> <span class=""price product-price pull-left""> <span class=""product-price-from""> </span> <span> 21,99 € </span> </span><div class=""reduction-data pull-right""> <span class=""price-percent-reduction pull-right"">-17%</span> <span class=""old-price product-price"">26,45 €</span></div></div> <span class=""availability etiqueta-disponible""> <span class=""available-now""> Disponible </span> </span></div><div class=""functional-buttons clearfix""><div class=""wishlist""> <a class=""addToWishlist wishlistProd_67371"" href=""#"" onclick=""WishlistCart('wishlist_block_list', 'add', '67371', '91826', 1); return false;"" rel=""67371"" title=""Añadir a la lista de deseos""> <i class=""fa fa-heart""></i><span>Añadir a la lista de deseos</span> </a></div></div><div class=""button-container""> <a class=""ajax_add_to_cart_button btn-cart"" data-id-product=""67371"" data-minimal_quantity=""1"" data-product-brand=""Klorane"" data-product-category=""hidratantes-naturales"" data-product-name=""Gel Crema Hidratante con Agua de Aciano"" data-product-variant=""50 ML"" data-product-variant-id=""91826"" href=""https://www.primor.eu/carro-de-la-compra?add=1&amp;id_product=67371&amp;token=e3b18ac2ea3399860279896bdfc164cd"" rel=""nofollow"" title=""Comprar""> <span><i class=""fa fa-shopping-cart""></i>Comprar</span> </a></div><div class=""product-flags""></div></div>","<span class=""container-line""></span>"
6,"<div class=""left-block""><div class=""product-image-container""> <a class=""product-image product_img_link"" href=""https://www.primor.eu/klorane/67370-bruma-corporal-hidratante-de-peonia.html"" itemprop=""item"" onclick=""onProductClick('category', '67370', 'Bruma Corporal Hidratante de Peonía', '11.75', 'Klorane', 'tratamientos-corporales-naturales', '', '7', '3282770203134')"" title=""Bruma Corporal Hidratante de Peonía""> <img alt=""Bruma Corporal Hidratante de Peonía"" class=""replace-2x img-responsive"" data-src=""https://cdns3-2.primor.eu/139045-large/bruma-corporal-hidratante-de-peonia.jpg"" itemprop=""image"" title=""Bruma Corporal Hidratante de Peonía""/></a></div></div>","<div class=""right-block""><h4 class=""product-manufacturer""> <a href=""https://www.primor.eu/klorane/67370-bruma-corporal-hidratante-de-peonia.html"" onclick=""onProductClick('category', '67370', 'Bruma Corporal Hidratante de Peonía', '11.75', 'Klorane', 'tratamientos-corporales-naturales', '', '7', '3282770203134')"" title=""Bruma Corporal Hidratante de Peonía""> Klorane </a></h4><h5 class=""product-name"" itemprop=""name""> <a href=""https://www.primor.eu/klorane/67370-bruma-corporal-hidratante-de-peonia.html"" onclick=""onProductClick('category', '67370', 'Bruma Corporal Hidratante de Peonía', '11.75', 'Klorane', 'tratamientos-corporales-naturales', '', '7', '3282770203134')"" title=""Bruma Corporal Hidratante de Peonía""> Bruma Corporal Hidratante de Peonía </a></h5><div><div class=""content_price price-box clearfix""> <span class=""price product-price pull-left""> <span class=""product-price-from""> </span> <span> 11,75 € </span> </span><div class=""reduction-data pull-right""> <span class=""price-percent-reduction pull-right"">-16%</span> <span class=""old-price product-price"">13,90 €</span></div></div> <span class=""availability etiqueta-disponible""> <span class=""available-now""> Disponible </span> </span></div><div class=""functional-buttons clearfix""><div class=""wishlist""> <a class=""addToWishlist wishlistProd_67370"" href=""#"" onclick=""WishlistCart('wishlist_block_list', 'add', '67370', '91824', 1); return false;"" rel=""67370"" title=""Añadir a la lista de deseos""> <i class=""fa fa-heart""></i><span>Añadir a la lista de deseos</span> </a></div></div><div class=""button-container""> <a class=""ajax_add_to_cart_button btn-cart"" data-id-product=""67370"" data-minimal_quantity=""1"" data-product-brand=""Klorane"" data-product-category=""tratamientos-corporales-naturales"" data-product-name=""Bruma Corporal Hidratante de Peonía"" data-product-variant=""200 ML."" data-product-variant-id=""91824"" href=""https://www.primor.eu/carro-de-la-compra?add=1&amp;id_product=67370&amp;token=e3b18ac2ea3399860279896bdfc164cd"" rel=""nofollow"" title=""Comprar""> <span><i class=""fa fa-shopping-cart""></i>Comprar</span> </a></div><div class=""product-flags""></div></div>","<span class=""container-line""></span>"
7,"<div class=""left-block""><div class=""product-image-container""> <a class=""product-image product_img_link"" href=""https://www.primor.eu/avene/67355-cicalfate-gel-para-cicatrices.html"" itemprop=""item"" onclick=""onProductClick('category', '67355', 'Cicalfate Gel para Cicatrices', '10.99', 'Avene', 'dermocosmetica', '', '8', '3282770207088')"" title=""Cicalfate Gel para Cicatrices""> <img alt=""Cicalfate Gel para Cicatrices"" class=""replace-2x img-responsive"" data-src=""https://cdns3-1.primor.eu/138966-large/cicalfate-gel-para-cicatrices.jpg"" itemprop=""image"" title=""Cicalfate Gel para Cicatrices""/></a></div></div>","<div class=""right-block""><h4 class=""product-manufacturer""> <a href=""https://www.primor.eu/avene/67355-cicalfate-gel-para-cicatrices.html"" onclick=""onProductClick('category', '67355', 'Cicalfate Gel para Cicatrices', '10.99', 'Avene', 'dermocosmetica', '', '8', '3282770207088')"" title=""Cicalfate Gel para Cicatrices""> Avene </a></h4><h5 class=""product-name"" itemprop=""name""> <a href=""https://www.primor.eu/avene/67355-cicalfate-gel-para-cicatrices.html"" onclick=""onProductClick('category', '67355', 'Cicalfate Gel para Cicatrices', '10.99', 'Avene', 'dermocosmetica', '', '8', '3282770207088')"" title=""Cicalfate Gel para Cicatrices""> Cicalfate Gel para Cicatrices </a></h5><div><div class=""content_price price-box clearfix""> <span class=""price product-price pull-left""> <span class=""product-price-from""> </span> <span> 10,99 € </span> </span><div class=""reduction-data pull-right""> <span class=""price-percent-reduction pull-right"">-19%</span> <span class=""old-price product-price"">13,50 €</span></div></div> <span class=""availability etiqueta-disponible""> <span class=""available-now""> Disponible </span> </span></div><div class=""functional-buttons clearfix""><div class=""wishlist""> <a class=""addToWishlist wishlistProd_67355"" href=""#"" onclick=""WishlistCart('wishlist_block_list', 'add', '67355', '91808', 1); return false;"" rel=""67355"" title=""Añadir a la lista de deseos""> <i class=""fa fa-heart""></i><span>Añadir a la lista de deseos</span> </a></div></div><div class=""button-container""> <a class=""ajax_add_to_cart_button btn-cart"" data-id-product=""67355"" data-minimal_quantity=""1"" data-product-brand=""Avene"" data-product-category=""dermocosmetica"" data-product-name=""Cicalfate Gel para Cicatrices"" data-product-variant=""40 ML"" data-product-variant-id=""91808"" href=""https://www.primor.eu/carro-de-la-compra?add=1&amp;id_product=67355&amp;token=e3b18ac2ea3399860279896bdfc164cd"" rel=""nofollow"" title=""Comprar""> <span><i class=""fa fa-shopping-cart""></i>Comprar</span> </a></div><div class=""product-flags""></div></div>","<span class=""container-line""></span>"
8,"<div class=""left-block""><div class=""product-image-container""> <a class=""product-image product_img_link"" href=""https://www.primor.eu/ducray/67308-set-keracnyl-serum-gel-limpiador.html"" itemprop=""item"" onclick=""onProductClick('category', '67308', 'Set Keracnyl Sérum + Gel Limpiador', '25.5', 'Ducray', 'dermocosmetica', '', '9', '3282779273817')"" title=""Set Keracnyl Sérum + Gel Limpiador""> <img alt=""Set Keracnyl Sérum + Gel Limpiador"" class=""replace-2x img-responsive"" data-src=""https://cdns3-1.primor.eu/138561-large/set-keracnyl-serum-gel-limpiador.jpg"" itemprop=""image"" title=""Set Keracnyl Sérum + Gel Limpiador""/></a></div></div>","<div class=""right-block""><h4 class=""product-manufacturer""> <a href=""https://www.primor.eu/ducray/67308-set-keracnyl-serum-gel-limpiador.html"" onclick=""onProductClick('category', '67308', 'Set Keracnyl Sérum + Gel Limpiador', '25.5', 'Ducray', 'dermocosmetica', '', '9', '3282779273817')"" title=""Set Keracnyl Sérum + Gel Limpiador""> Ducray </a></h4><h5 class=""product-name"" itemprop=""name""> <a href=""https://www.primor.eu/ducray/67308-set-keracnyl-serum-gel-limpiador.html"" onclick=""onProductClick('category', '67308', 'Set Keracnyl Sérum + Gel Limpiador', '25.5', 'Ducray', 'dermocosmetica', '', '9', '3282779273817')"" title=""Set Keracnyl Sérum + Gel Limpiador""> Set Keracnyl Sérum + Gel Limpiador </a></h5><div><div class=""content_price price-box clearfix""> <span class=""price product-price pull-left""> <span class=""product-price-from""> </span> <span> 25,50 € </span> </span><div class=""reduction-data pull-right""> <span class=""price-percent-reduction pull-right"">-16%</span> <span class=""old-price product-price"">30,20 €</span></div></div> <span class=""availability etiqueta-disponible""> <span class=""available-now""> Disponible </span> </span></div><div class=""functional-buttons clearfix""><div class=""wishlist""> <a class=""addToWishlist wishlistProd_67308"" href=""#"" onclick=""WishlistCart('wishlist_block_list', 'add', '67308', '91758', 1); return false;"" rel=""67308"" title=""Añadir a la lista de deseos""> <i class=""fa fa-heart""></i><span>Añadir a la lista de deseos</span> </a></div></div><div class=""button-container""> <a class=""ajax_add_to_cart_button btn-cart"" data-id-product=""67308"" data-minimal_quantity=""1"" data-product-brand=""Ducray"" data-product-category=""dermocosmetica"" data-product-name=""Set Keracnyl Sérum + Gel Limpiador"" data-product-variant=""Set 2 productos"" data-product-variant-id=""91758"" href=""https://www.primor.eu/carro-de-la-compra?add=1&amp;id_product=67308&amp;token=e3b18ac2ea3399860279896bdfc164cd"" rel=""nofollow"" title=""Comprar""> <span><i class=""fa fa-shopping-cart""></i>Comprar</span> </a></div><div class=""product-flags""></div></div>","<span class=""container-line""></span>"
9,"<div class=""left-block""><div class=""product-image-container""> <a class=""product-image product_img_link"" href=""https://www.primor.eu/ducray/67307-dexeryl-crema-barrera-aislante.html"" itemprop=""item"" onclick=""onProductClick('category', '67307', 'Dexeryl Crema Barrera Aislante ', '10.5', 'Ducray', 'dermocosmetica', '', '10', '3282770203196')"" title=""Dexeryl Crema Barrera Aislante ""> <img alt=""Dexeryl Crema Barrera Aislante "" class=""replace-2x img-responsive"" data-src=""https://cdns3-1.primor.eu/138582-large/dexeryl-crema-barrera-aislante.jpg"" itemprop=""image"" title=""Dexeryl Crema Barrera Aislante ""/></a></div></div>","<div class=""right-block""><h4 class=""product-manufacturer""> <a href=""https://www.primor.eu/ducray/67307-dexeryl-crema-barrera-aislante.html"" onclick=""onProductClick('category', '67307', 'Dexeryl Crema Barrera Aislante ', '10.5', 'Ducray', 'dermocosmetica', '', '10', '3282770203196')"" title=""Dexeryl Crema Barrera Aislante ""> Ducray </a></h4><h5 class=""product-name"" itemprop=""name""> <a href=""https://www.primor.eu/ducray/67307-dexeryl-crema-barrera-aislante.html"" onclick=""onProductClick('category', '67307', 'Dexeryl Crema Barrera Aislante ', '10.5', 'Ducray', 'dermocosmetica', '', '10', '3282770203196')"" title=""Dexeryl Crema Barrera Aislante ""> Dexeryl Crema Barrera Aislante </a></h5><div><div class=""content_price price-box clearfix""> <span class=""price product-price pull-left""> <span class=""product-price-from""> </span> <span> 10,50 € </span> </span><div class=""reduction-data pull-right""> <span class=""price-percent-reduction pull-right"">-16%</span> <span class=""old-price product-price"">12,40 €</span></div></div> <span class=""availability etiqueta-disponible""> <span class=""available-now""> Disponible </span> </span></div><div class=""functional-buttons clearfix""><div class=""wishlist""> <a class=""addToWishlist wishlistProd_67307"" href=""#"" onclick=""WishlistCart('wishlist_block_list', 'add', '67307', '91757', 1); return false;"" rel=""67307"" title=""Añadir a la lista de deseos""> <i class=""fa fa-heart""></i><span>Añadir a la lista de deseos</span> </a></div></div><div class=""button-container""> <a class=""ajax_add_to_cart_button btn-cart"" data-id-product=""67307"" data-minimal_quantity=""1"" data-product-brand=""Ducray"" data-product-category=""dermocosmetica"" data-product-name=""Dexeryl Crema Barrera Aislante "" data-product-variant=""100 ML"" data-product-variant-id=""91757"" href=""https://www.primor.eu/carro-de-la-compra?add=1&amp;id_product=67307&amp;token=e3b18ac2ea3399860279896bdfc164cd"" rel=""nofollow"" title=""Comprar""> <span><i class=""fa fa-shopping-cart""></i>Comprar</span> </a></div><div class=""product-flags""></div></div>","<span class=""container-line""></span>"
10,"<div class=""left-block""><div class=""product-image-container""> <a class=""product-image product_img_link"" href=""https://www.primor.eu/ducray/67306-crema-reparadora-dermalibour-.html"" itemprop=""item"" onclick=""onProductClick('category', '67306', 'Dermalibour + Crema Reparadora ', '4.99', 'Ducray', 'dermocosmetica', '', '11', '3282770114232')"" title=""Dermalibour + Crema Reparadora ""> <img alt=""Crema Reparadora Dermalibour + "" class=""replace-2x img-responsive"" data-src=""https://cdns3-3.primor.eu/138559-large/crema-reparadora-dermalibour-.jpg"" itemprop=""image"" title=""Crema Reparadora Dermalibour + ""/></a></div></div>","<div class=""right-block""><h4 class=""product-manufacturer""> <a href=""https://www.primor.eu/ducray/67306-crema-reparadora-dermalibour-.html"" onclick=""onProductClick('category', '67306', 'Dermalibour + Crema Reparadora ', '4.99', 'Ducray', 'dermocosmetica', '', '11', '3282770114232')"" title=""Dermalibour + Crema Reparadora ""> Ducray </a></h4><h5 class=""product-name"" itemprop=""name""> <a href=""https://www.primor.eu/ducray/67306-crema-reparadora-dermalibour-.html"" onclick=""onProductClick('category', '67306', 'Dermalibour + Crema Reparadora ', '4.99', 'Ducray', 'dermocosmetica', '', '11', '3282770114232')"" title=""Dermalibour + Crema Reparadora ""> Dermalibour + Crema Reparadora </a></h5><div><div class=""content_price price-box clearfix""> <span class=""price product-price pull-left""> <span class=""product-price-from""> </span> <span> 4,99 € </span> </span><div class=""reduction-data pull-right""> <span class=""price-percent-reduction pull-right"">-21%</span> <span class=""old-price product-price"">6,30 €</span></div></div> <span class=""availability etiqueta-disponible""> <span class=""available-now""> Disponible </span> </span></div><div class=""functional-buttons clearfix""><div class=""wishlist""> <a class=""addToWishlist wishlistProd_67306"" href=""#"" onclick=""WishlistCart('wishlist_block_list', 'add', '67306', '91756', 1); return false;"" rel=""67306"" title=""Añadir a la lista de deseos""> <i class=""fa fa-heart""></i><span>Añadir a la lista de deseos</span> </a></div></div><div class=""button-container""> <a class=""ajax_add_to_cart_button btn-cart"" data-id-product=""67306"" data-minimal_quantity=""1"" data-product-brand=""Ducray"" data-product-category=""dermocosmetica"" data-product-name=""Dermalibour + Crema Reparadora "" data-product-variant=""15 ML"" data-product-variant-id=""91756"" href=""https://www.primor.eu/carro-de-la-compra?add=1&amp;id_product=67306&amp;token=e3b18ac2ea3399860279896bdfc164cd"" rel=""nofollow"" title=""Comprar""> <span><i class=""fa fa-shopping-cart""></i>Comprar</span> </a></div><div class=""product-flags""></div></div>","<span class=""container-line""></span>"
11,"<div class=""left-block""><div class=""product-image-container""> <a class=""product-image product_img_link"" href=""https://www.primor.eu/ducray/67304-set-keracnyl-pp-crema-gel-limpiador.html"" itemprop=""item"" onclick=""onProductClick('category', '67304', 'Set Keracnyl PP Crema + Gel Limpiador', '20.99', 'Ducray', 'tratamientos-acne', '', '12', '3282779273831')"" title=""Set Keracnyl PP Crema + Gel Limpiador""> <img alt=""Set Keracnyl PP Crema + Gel Limpiador"" class=""replace-2x img-responsive"" data-src=""https://cdns3-3.primor.eu/138557-large/set-keracnyl-pp-crema-gel-limpiador.jpg"" itemprop=""image"" title=""Set Keracnyl PP Crema + Gel Limpiador""/></a></div></div>","<div class=""right-block""><h4 class=""product-manufacturer""> <a href=""https://www.primor.eu/ducray/67304-set-keracnyl-pp-crema-gel-limpiador.html"" onclick=""onProductClick('category', '67304', 'Set Keracnyl PP Crema + Gel Limpiador', '20.99', 'Ducray', 'tratamientos-acne', '', '12', '3282779273831')"" title=""Set Keracnyl PP Crema + Gel Limpiador""> Ducray </a></h4><h5 class=""product-name"" itemprop=""name""> <a href=""https://www.primor.eu/ducray/67304-set-keracnyl-pp-crema-gel-limpiador.html"" onclick=""onProductClick('category', '67304', 'Set Keracnyl PP Crema + Gel Limpiador', '20.99', 'Ducray', 'tratamientos-acne', '', '12', '3282779273831')"" title=""Set Keracnyl PP Crema + Gel Limpiador""> Set Keracnyl PP Crema + Gel Limpiador </a></h5><div><div class=""content_price price-box clearfix""> <span class=""price product-price pull-left""> <span class=""product-price-from""> </span> <span> 20,99 € </span> </span><div class=""reduction-data pull-right""> <span class=""price-percent-reduction pull-right"">-21%</span> <span class=""old-price product-price"">26,45 €</span></div></div> <span class=""availability etiqueta-disponible""> <span class=""available-now""> Disponible </span> </span></div><div class=""functional-buttons clearfix""><div class=""wishlist""> <a class=""addToWishlist wishlistProd_67304"" href=""#"" onclick=""WishlistCart('wishlist_block_list', 'add', '67304', '91754', 1); return false;"" rel=""67304"" title=""Añadir a la lista de deseos""> <i class=""fa fa-heart""></i><span>Añadir a la lista de deseos</span> </a></div></div><div class=""button-container""> <a class=""ajax_add_to_cart_button btn-cart"" data-id-product=""67304"" data-minimal_quantity=""1"" data-product-brand=""Ducray"" data-product-category=""tratamientos-acne"" data-product-name=""Set Keracnyl PP Crema + Gel Limpiador"" data-product-variant=""Set 2 productos"" data-product-variant-id=""91754"" href=""https://www.primor.eu/carro-de-la-compra?add=1&amp;id_product=67304&amp;token=e3b18ac2ea3399860279896bdfc164cd"" rel=""nofollow"" title=""Comprar""> <span><i class=""fa fa-shopping-cart""></i>Comprar</span> </a></div><div class=""product-flags""></div></div>","<span class=""container-line""></span>"
12,"<div class=""left-block""><div class=""product-image-container""> <a class=""product-image product_img_link"" href=""https://www.primor.eu/ducray/67303-set-keracnyl-control-gel-limpiador.html"" itemprop=""item"" onclick=""onProductClick('category', '67303', 'Set Keracnyl Control + Gel Limpiador', '20.99', 'Ducray', 'parafarmacia', '', '13', '3282779273862')"" title=""Set Keracnyl Control + Gel Limpiador""> <img alt=""Set Keracnyl Control + Gel Limpiador"" class=""replace-2x img-responsive"" data-src=""https://cdns3-1.primor.eu/138556-large/set-keracnyl-control-gel-limpiador.jpg"" itemprop=""image"" title=""Set Keracnyl Control + Gel Limpiador""/></a></div></div>","<div class=""right-block""><h4 class=""product-manufacturer""> <a href=""https://www.primor.eu/ducray/67303-set-keracnyl-control-gel-limpiador.html"" onclick=""onProductClick('category', '67303', 'Set Keracnyl Control + Gel Limpiador', '20.99', 'Ducray', 'parafarmacia', '', '13', '3282779273862')"" title=""Set Keracnyl Control + Gel Limpiador""> Ducray </a></h4><h5 class=""product-name"" itemprop=""name""> <a href=""https://www.primor.eu/ducray/67303-set-keracnyl-control-gel-limpiador.html"" onclick=""onProductClick('category', '67303', 'Set Keracnyl Control + Gel Limpiador', '20.99', 'Ducray', 'parafarmacia', '', '13', '3282779273862')"" title=""Set Keracnyl Control + Gel Limpiador""> Set Keracnyl Control + Gel Limpiador </a></h5><div><div class=""content_price price-box clearfix""> <span class=""price product-price pull-left""> <span class=""product-price-from""> </span> <span> 20,99 € </span> </span><div class=""reduction-data pull-right""> <span class=""price-percent-reduction pull-right"">-21%</span> <span class=""old-price product-price"">26,45 €</span></div></div> <span class=""availability etiqueta-disponible""> <span class=""available-now""> Disponible </span> </span></div><div class=""functional-buttons clearfix""><div class=""wishlist""> <a class=""addToWishlist wishlistProd_67303"" href=""#"" onclick=""WishlistCart('wishlist_block_list', 'add', '67303', '91753', 1); return false;"" rel=""67303"" title=""Añadir a la lista de deseos""> <i class=""fa fa-heart""></i><span>Añadir a la lista de deseos</span> </a></div></div><div class=""button-container""> <a class=""ajax_add_to_cart_button btn-cart"" data-id-product=""67303"" data-minimal_quantity=""1"" data-product-brand=""Ducray"" data-product-category=""parafarmacia"" data-product-name=""Set Keracnyl Control + Gel Limpiador"" data-product-variant=""Set 2 productos"" data-product-variant-id=""91753"" href=""https://www.primor.eu/carro-de-la-compra?add=1&amp;id_product=67303&amp;token=e3b18ac2ea3399860279896bdfc164cd"" rel=""nofollow"" title=""Comprar""> <span><i class=""fa fa-shopping-cart""></i>Comprar</span> </a></div><div class=""product-flags""></div></div>","<span class=""container-line""></span>"
13,"<div class=""left-block""><div class=""product-image-container""> <a class=""product-image product_img_link"" href=""https://www.primor.eu/blistex/67224-lip-infusion-hydration-spf15-balsamo-labial.html"" itemprop=""item"" onclick=""onProductClick('category', '67224', 'Lip Infusion Hydration SPF15 Bálsamo Labial', '1.99', 'Blistex', 'dermocosmetica', '', '14', '7310610023591')"" title=""Lip Infusion Hydration SPF15 Bálsamo Labial""> <img alt=""Lip Infusion Hydration SPF15 Bálsamo Labial"" class=""replace-2x img-responsive"" data-src=""https://cdns3-1.primor.eu/137780-large/lip-infusion-hydration-spf15-balsamo-labial.jpg"" itemprop=""image"" title=""Lip Infusion Hydration SPF15 Bálsamo Labial""/></a></div></div>","<div class=""right-block""><h4 class=""product-manufacturer""> <a href=""https://www.primor.eu/blistex/67224-lip-infusion-hydration-spf15-balsamo-labial.html"" onclick=""onProductClick('category', '67224', 'Lip Infusion Hydration SPF15 Bálsamo Labial', '1.99', 'Blistex', 'dermocosmetica', '', '14', '7310610023591')"" title=""Lip Infusion Hydration SPF15 Bálsamo Labial""> Blistex </a></h4><h5 class=""product-name"" itemprop=""name""> <a href=""https://www.primor.eu/blistex/67224-lip-infusion-hydration-spf15-balsamo-labial.html"" onclick=""onProductClick('category', '67224', 'Lip Infusion Hydration SPF15 Bálsamo Labial', '1.99', 'Blistex', 'dermocosmetica', '', '14', '7310610023591')"" title=""Lip Infusion Hydration SPF15 Bálsamo Labial""> Lip Infusion Hydration SPF15 Bálsamo Labial </a></h5><div><div class=""content_price price-box clearfix""> <span class=""price product-price pull-left""> <span class=""product-price-from""> </span> <span> 1,99 € </span> </span><div class=""reduction-data pull-right""></div></div> <span class=""availability etiqueta-disponible""> <span class=""available-now""> Disponible </span> </span></div><div class=""functional-buttons clearfix""><div class=""wishlist""> <a class=""addToWishlist wishlistProd_67224"" href=""#"" onclick=""WishlistCart('wishlist_block_list', 'add', '67224', '91623', 1); return false;"" rel=""67224"" title=""Añadir a la lista de deseos""> <i class=""fa fa-heart""></i><span>Añadir a la lista de deseos</span> </a></div></div><div class=""button-container""> <a class=""ajax_add_to_cart_button btn-cart"" data-id-product=""67224"" data-minimal_quantity=""1"" data-product-brand=""Blistex"" data-product-category=""dermocosmetica"" data-product-name=""Lip Infusion Hydration SPF15 Bálsamo Labial"" data-product-variant=""3,7 gr"" data-product-variant-id=""91623"" href=""https://www.primor.eu/carro-de-la-compra?add=1&amp;id_product=67224&amp;token=e3b18ac2ea3399860279896bdfc164cd"" rel=""nofollow"" title=""Comprar""> <span><i class=""fa fa-shopping-cart""></i>Comprar</span> </a></div><div class=""product-flags""></div></div>","<span class=""container-line""></span>"
14,"<div class=""left-block""><div class=""product-image-container""> <a class=""product-image product_img_link"" href=""https://www.primor.eu/blistex/67223-lip-infusion-nourish-spf15-balsamo-labial.html"" itemprop=""item"" onclick=""onProductClick('category', '67223', 'Lip Infusion Nourish SPF15 Bálsamo Labial', '1.99', 'Blistex', 'dermocosmetica', '', '15', '7310610023584')"" title=""Lip Infusion Nourish SPF15 Bálsamo Labial""> <img alt=""Lip Infusion Nourish SPF15 Bálsamo Labial"" class=""replace-2x img-responsive"" data-src=""https://cdns3-3.primor.eu/137778-large/lip-infusion-nourish-spf15-balsamo-labial.jpg"" itemprop=""image"" title=""Lip Infusion Nourish SPF15 Bálsamo Labial""/></a></div></div>","<div class=""right-block""><h4 class=""product-manufacturer""> <a href=""https://www.primor.eu/blistex/67223-lip-infusion-nourish-spf15-balsamo-labial.html"" onclick=""onProductClick('category', '67223', 'Lip Infusion Nourish SPF15 Bálsamo Labial', '1.99', 'Blistex', 'dermocosmetica', '', '15', '7310610023584')"" title=""Lip Infusion Nourish SPF15 Bálsamo Labial""> Blistex </a></h4><h5 class=""product-name"" itemprop=""name""> <a href=""https://www.primor.eu/blistex/67223-lip-infusion-nourish-spf15-balsamo-labial.html"" onclick=""onProductClick('category', '67223', 'Lip Infusion Nourish SPF15 Bálsamo Labial', '1.99', 'Blistex', 'dermocosmetica', '', '15', '7310610023584')"" title=""Lip Infusion Nourish SPF15 Bálsamo Labial""> Lip Infusion Nourish SPF15 Bálsamo Labial </a></h5><div><div class=""content_price price-box clearfix""> <span class=""price product-price pull-left""> <span class=""product-price-from""> </span> <span> 1,99 € </span> </span><div class=""reduction-data pull-right""></div></div> <span class=""availability etiqueta-disponible""> <span class=""available-now""> Disponible </span> </span></div><div class=""functional-buttons clearfix""><div class=""wishlist""> <a class=""addToWishlist wishlistProd_67223"" href=""#"" onclick=""WishlistCart('wishlist_block_list', 'add', '67223', '91624', 1); return false;"" rel=""67223"" title=""Añadir a la lista de deseos""> <i class=""fa fa-heart""></i><span>Añadir a la lista de deseos</span> </a></div></div><div class=""button-container""> <a class=""ajax_add_to_cart_button btn-cart"" data-id-product=""67223"" data-minimal_quantity=""1"" data-product-brand=""Blistex"" data-product-category=""dermocosmetica"" data-product-name=""Lip Infusion Nourish SPF15 Bálsamo Labial"" data-product-variant=""3,7 gr"" data-product-variant-id=""91624"" href=""https://www.primor.eu/carro-de-la-compra?add=1&amp;id_product=67223&amp;token=e3b18ac2ea3399860279896bdfc164cd"" rel=""nofollow"" title=""Comprar""> <span><i class=""fa fa-shopping-cart""></i>Comprar</span> </a></div><div class=""product-flags""></div></div>","<span class=""container-line""></span>"
15,"<div class=""left-block""><div class=""product-image-container""> <a class=""product-image product_img_link"" href=""https://www.primor.eu/bio-oil/66964-gel-para-piel-seca.html"" itemprop=""item"" onclick=""onProductClick('category', '66964', 'Gel para Piel Seca', '9.95', 'Bio-Oil', 'dermocosmetica', '', '16', '6001159118534')"" title=""Gel para Piel Seca""> <img alt=""Gel para Piel Seca 50ml"" class=""replace-2x img-responsive"" data-src=""https://cdns3-2.primor.eu/135408-large/gel-para-piel-seca.jpg"" itemprop=""image"" title=""Gel para Piel Seca 50ml""/></a></div></div>","<div class=""right-block""><h4 class=""product-manufacturer""> <a href=""https://www.primor.eu/bio-oil/66964-gel-para-piel-seca.html"" onclick=""onProductClick('category', '66964', 'Gel para Piel Seca', '9.95', 'Bio-Oil', 'dermocosmetica', '', '16', '6001159118534')"" title=""Gel para Piel Seca""> Bio-Oil </a></h4><h5 class=""product-name"" itemprop=""name""> <a href=""https://www.primor.eu/bio-oil/66964-gel-para-piel-seca.html"" onclick=""onProductClick('category', '66964', 'Gel para Piel Seca', '9.95', 'Bio-Oil', 'dermocosmetica', '', '16', '6001159118534')"" title=""Gel para Piel Seca""> Gel para Piel Seca </a></h5><div><div class=""content_price price-box clearfix""> <span class=""price product-price pull-left""> <span class=""product-price-from""> Desde </span> <span> 9,95 € </span> </span><div class=""reduction-data pull-right""></div></div> <span class=""availability etiqueta-disponible""> <span class=""available-now""> Disponible </span> </span></div><div class=""functional-buttons clearfix""><div class=""wishlist""> <a class=""addToWishlist wishlistProd_66964"" href=""#"" onclick=""WishlistCart('wishlist_block_list', 'add', '66964', '91117', 1); return false;"" rel=""66964"" title=""Añadir a la lista de deseos""> <i class=""fa fa-heart""></i><span>Añadir a la lista de deseos</span> </a></div></div><div class=""button-container""> <a class=""btn-cart"" data-id-product=""66964"" href=""https://www.primor.eu/bio-oil/66964-gel-para-piel-seca.html"" onclick=""onProductClick('category', '66964', 'Gel para Piel Seca', '9.95', 'Bio-Oil', 'dermocosmetica', '', '16', '6001159118534')"" rel=""nofollow"" title=""Ver opciones""> <i class=""fa fa-list""></i> <span>Ver opciones</span> </a></div><div class=""product-flags""></div></div>","<span class=""container-line""></span>"
16,"<div class=""left-block""><div class=""product-image-container""> <a class=""product-image product_img_link"" href=""https://www.primor.eu/eucerin/66882-dermatoclean-hyaluron-espuma-micelar.html"" itemprop=""item"" onclick=""onProductClick('category', '66882', 'DermatoClean Hyaluron Espuma Micelar ', '10.99', 'Eucerin', 'limpieza-facial', '', '17', '4005800270475')"" title=""DermatoClean Hyaluron Espuma Micelar ""> <img alt=""DermatoClean Hyaluron Espuma Micelar "" class=""replace-2x img-responsive"" data-src=""https://cdns3-1.primor.eu/135130-large/dermatoclean-hyaluron-espuma-micelar.jpg"" itemprop=""image"" title=""DermatoClean Hyaluron Espuma Micelar ""/></a></div></div>","<div class=""right-block""><h4 class=""product-manufacturer""> <a href=""https://www.primor.eu/eucerin/66882-dermatoclean-hyaluron-espuma-micelar.html"" onclick=""onProductClick('category', '66882', 'DermatoClean Hyaluron Espuma Micelar ', '10.99', 'Eucerin', 'limpieza-facial', '', '17', '4005800270475')"" title=""DermatoClean Hyaluron Espuma Micelar ""> Eucerin </a></h4><h5 class=""product-name"" itemprop=""name""> <a href=""https://www.primor.eu/eucerin/66882-dermatoclean-hyaluron-espuma-micelar.html"" onclick=""onProductClick('category', '66882', 'DermatoClean Hyaluron Espuma Micelar ', '10.99', 'Eucerin', 'limpieza-facial', '', '17', '4005800270475')"" title=""DermatoClean Hyaluron Espuma Micelar ""> DermatoClean Hyaluron Espuma Micelar </a></h5><div><div class=""content_price price-box clearfix""> <span class=""price product-price pull-left""> <span class=""product-price-from""> </span> <span> 10,99 € </span> </span><div class=""reduction-data pull-right""> <span class=""price-percent-reduction pull-right"">-14%</span> <span class=""old-price product-price"">12,75 €</span></div></div> <span class=""availability etiqueta-disponible""> <span class=""available-now""> Disponible </span> </span></div><div class=""functional-buttons clearfix""><div class=""wishlist""> <a class=""addToWishlist wishlistProd_66882"" href=""#"" onclick=""WishlistCart('wishlist_block_list', 'add', '66882', '90977', 1); return false;"" rel=""66882"" title=""Añadir a la lista de deseos""> <i class=""fa fa-heart""></i><span>Añadir a la lista de deseos</span> </a></div></div><div class=""button-container""> <a class=""ajax_add_to_cart_button btn-cart"" data-id-product=""66882"" data-minimal_quantity=""1"" data-product-brand=""Eucerin"" data-product-category=""limpieza-facial"" data-product-name=""DermatoClean Hyaluron Espuma Micelar "" data-product-variant=""150 ML"" data-product-variant-id=""90977"" href=""https://www.primor.eu/carro-de-la-compra?add=1&amp;id_product=66882&amp;token=e3b18ac2ea3399860279896bdfc164cd"" rel=""nofollow"" title=""Comprar""> <span><i class=""fa fa-shopping-cart""></i>Comprar</span> </a></div><div class=""product-flags""></div></div>","<span class=""container-line""></span>"
17,"<div class=""left-block""><div class=""product-image-container""> <a class=""product-image product_img_link"" href=""https://www.primor.eu/avene/66828-desodorante-roll-on-24h-piel-sensible.html"" itemprop=""item"" onclick=""onProductClick('category', '66828', 'Desodorante Roll On 24h Piel Sensible', '7.95', 'Avene', 'dermocosmetica', '', '18', '3282770208597')"" title=""Desodorante Roll On 24h Piel Sensible""> <img alt=""Desodorante Roll On 24h Piel Sensible"" class=""replace-2x img-responsive"" data-src=""https://cdns3-3.primor.eu/134922-large/desodorante-roll-on-24h-piel-sensible.jpg"" itemprop=""image"" title=""Desodorante Roll On 24h Piel Sensible""/></a></div></div>","<div class=""right-block""><h4 class=""product-manufacturer""> <a href=""https://www.primor.eu/avene/66828-desodorante-roll-on-24h-piel-sensible.html"" onclick=""onProductClick('category', '66828', 'Desodorante Roll On 24h Piel Sensible', '7.95', 'Avene', 'dermocosmetica', '', '18', '3282770208597')"" title=""Desodorante Roll On 24h Piel Sensible""> Avene </a></h4><h5 class=""product-name"" itemprop=""name""> <a href=""https://www.primor.eu/avene/66828-desodorante-roll-on-24h-piel-sensible.html"" onclick=""onProductClick('category', '66828', 'Desodorante Roll On 24h Piel Sensible', '7.95', 'Avene', 'dermocosmetica', '', '18', '3282770208597')"" title=""Desodorante Roll On 24h Piel Sensible""> Desodorante Roll On 24h Piel Sensible </a></h5><div><div class=""content_price price-box clearfix""> <span class=""price product-price pull-left""> <span class=""product-price-from""> </span> <span> 7,95 € </span> </span><div class=""reduction-data pull-right""> <span class=""price-percent-reduction pull-right"">-19%</span> <span class=""old-price product-price"">9,75 €</span></div></div> <span class=""availability etiqueta-disponible""> <span class=""available-now""> Disponible </span> </span></div><div class=""functional-buttons clearfix""><div class=""wishlist""> <a class=""addToWishlist wishlistProd_66828"" href=""#"" onclick=""WishlistCart('wishlist_block_list', 'add', '66828', '90882', 1); return false;"" rel=""66828"" title=""Añadir a la lista de deseos""> <i class=""fa fa-heart""></i><span>Añadir a la lista de deseos</span> </a></div></div><div class=""button-container""> <a class=""ajax_add_to_cart_button btn-cart"" data-id-product=""66828"" data-minimal_quantity=""1"" data-product-brand=""Avene"" data-product-category=""dermocosmetica"" data-product-name=""Desodorante Roll On 24h Piel Sensible"" data-product-variant=""50 ML"" data-product-variant-id=""90882"" href=""https://www.primor.eu/carro-de-la-compra?add=1&amp;id_product=66828&amp;token=e3b18ac2ea3399860279896bdfc164cd"" rel=""nofollow"" title=""Comprar""> <span><i class=""fa fa-shopping-cart""></i>Comprar</span> </a></div><div class=""product-flags""></div></div>","<span class=""container-line""></span>"
18,"<div class=""left-block""><div class=""product-image-container""> <a class=""product-image product_img_link"" href=""https://www.primor.eu/sesderma/66323-oceanskin-crema-facial-nutritiva.html"" itemprop=""item"" onclick=""onProductClick('category', '66323', 'Oceanskin Crema Facial Nutritiva', '28.75', 'Sesderma', 'hidratantes', '', '19', '8429979458735')"" title=""Oceanskin Crema Facial Nutritiva""> <img alt=""Oceanskin Crema Facial Nutritiva"" class=""replace-2x img-responsive"" data-src=""https://cdns3-1.primor.eu/132816-large/oceanskin-crema-facial-nutritiva.jpg"" itemprop=""image"" title=""Oceanskin Crema Facial Nutritiva""/></a></div></div>","<div class=""right-block""><h4 class=""product-manufacturer""> <a href=""https://www.primor.eu/sesderma/66323-oceanskin-crema-facial-nutritiva.html"" onclick=""onProductClick('category', '66323', 'Oceanskin Crema Facial Nutritiva', '28.75', 'Sesderma', 'hidratantes', '', '19', '8429979458735')"" title=""Oceanskin Crema Facial Nutritiva""> Sesderma </a></h4><h5 class=""product-name"" itemprop=""name""> <a href=""https://www.primor.eu/sesderma/66323-oceanskin-crema-facial-nutritiva.html"" onclick=""onProductClick('category', '66323', 'Oceanskin Crema Facial Nutritiva', '28.75', 'Sesderma', 'hidratantes', '', '19', '8429979458735')"" title=""Oceanskin Crema Facial Nutritiva""> Oceanskin Crema Facial Nutritiva </a></h5><div><div class=""content_price price-box clearfix""> <span class=""price product-price pull-left""> <span class=""product-price-from""> </span> <span> 28,75 € </span> </span><div class=""reduction-data pull-right""> <span class=""price-percent-reduction pull-right"">-16%</span> <span class=""old-price product-price"">34,00 €</span></div></div> <span class=""availability etiqueta-disponible""> <span class=""available-now""> Disponible </span> </span></div><div class=""functional-buttons clearfix""><div class=""wishlist""> <a class=""addToWishlist wishlistProd_66323"" href=""#"" onclick=""WishlistCart('wishlist_block_list', 'add', '66323', '89911', 1); return false;"" rel=""66323"" title=""Añadir a la lista de deseos""> <i class=""fa fa-heart""></i><span>Añadir a la lista de deseos</span> </a></div></div><div class=""button-container""> <a class=""ajax_add_to_cart_button btn-cart"" data-id-product=""66323"" data-minimal_quantity=""1"" data-product-brand=""Sesderma"" data-product-category=""hidratantes"" data-product-name=""Oceanskin Crema Facial Nutritiva"" data-product-variant=""50 ML"" data-product-variant-id=""89911"" href=""https://www.primor.eu/carro-de-la-compra?add=1&amp;id_product=66323&amp;token=e3b18ac2ea3399860279896bdfc164cd"" rel=""nofollow"" title=""Comprar""> <span><i class=""fa fa-shopping-cart""></i>Comprar</span> </a></div><div class=""product-flags""></div></div>","<span class=""container-line""></span>"
19,"<div class=""left-block""><div class=""product-image-container""> <a class=""product-image product_img_link"" href=""https://www.primor.eu/beauty-drops/66129-vitamina-c-al-20-acido-hialuronico.html"" itemprop=""item"" onclick=""onProductClick('category', '66129', 'Vitamina C al 20% + Ácido Hialurónico', '7.95', 'Beauty Drops', 'dermocosmetica', '', '20', '8431855144687')"" title=""Vitamina C al 20% + Ácido Hialurónico""> <img alt=""Vitamina C al 20% + Ácido Hialurónico"" class=""replace-2x img-responsive"" data-src=""https://cdns3-3.primor.eu/131330-large/vitamina-c-al-20-acido-hialuronico.jpg"" itemprop=""image"" title=""Vitamina C al 20% + Ácido Hialurónico""/></a></div></div>","<div class=""right-block""><h4 class=""product-manufacturer""> <a href=""https://www.primor.eu/beauty-drops/66129-vitamina-c-al-20-acido-hialuronico.html"" onclick=""onProductClick('category', '66129', 'Vitamina C al 20% + Ácido Hialurónico', '7.95', 'Beauty Drops', 'dermocosmetica', '', '20', '8431855144687')"" title=""Vitamina C al 20% + Ácido Hialurónico""> Beauty Drops </a></h4><h5 class=""product-name"" itemprop=""name""> <a href=""https://www.primor.eu/beauty-drops/66129-vitamina-c-al-20-acido-hialuronico.html"" onclick=""onProductClick('category', '66129', 'Vitamina C al 20% + Ácido Hialurónico', '7.95', 'Beauty Drops', 'dermocosmetica', '', '20', '8431855144687')"" title=""Vitamina C al 20% + Ácido Hialurónico""> Vitamina C al 20% + Ácido Hialurónico </a></h5><div><div class=""content_price price-box clearfix""> <span class=""price product-price pull-left""> <span class=""product-price-from""> </span> <span> 7,95 € </span> </span><div class=""reduction-data pull-right""> <span class=""price-percent-reduction pull-right"">-28%</span> <span class=""old-price product-price"">10,95 €</span></div></div> <span class=""availability etiqueta-disponible""> <span class=""available-now""> Disponible </span> </span></div><div class=""functional-buttons clearfix""><div class=""wishlist""> <a class=""addToWishlist wishlistProd_66129"" href=""#"" onclick=""WishlistCart('wishlist_block_list', 'add', '66129', '89452', 1); return false;"" rel=""66129"" title=""Añadir a la lista de deseos""> <i class=""fa fa-heart""></i><span>Añadir a la lista de deseos</span> </a></div></div><div class=""button-container""> <a class=""ajax_add_to_cart_button btn-cart"" data-id-product=""66129"" data-minimal_quantity=""1"" data-product-brand=""Beauty Drops"" data-product-category=""dermocosmetica"" data-product-name=""Vitamina C al 20% + Ácido Hialurónico"" data-product-variant=""30 ML"" data-product-variant-id=""89452"" href=""https://www.primor.eu/carro-de-la-compra?add=1&amp;id_product=66129&amp;token=e3b18ac2ea3399860279896bdfc164cd"" rel=""nofollow"" title=""Comprar""> <span><i class=""fa fa-shopping-cart""></i>Comprar</span> </a></div><div class=""product-flags""></div></div>","<span class=""container-line""></span>"
20,"<div class=""left-block""><div class=""product-image-container""> <a class=""product-image product_img_link"" href=""https://www.primor.eu/belcils/66092-pack-cejas-perfectas.html"" itemprop=""item"" onclick=""onProductClick('category', '66092', 'Pack Cejas Perfectas', '15.99', 'Belcils', 'dermocosmetica', '', '21', '8431461016231')"" title=""Pack Cejas Perfectas""> <img alt=""Pack Cejas Perfectas"" class=""replace-2x img-responsive"" data-src=""https://cdns3-3.primor.eu/130870-large/pack-cejas-perfectas.jpg"" itemprop=""image"" title=""Pack Cejas Perfectas""/></a></div></div>","<div class=""right-block""><h4 class=""product-manufacturer""> <a href=""https://www.primor.eu/belcils/66092-pack-cejas-perfectas.html"" onclick=""onProductClick('category', '66092', 'Pack Cejas Perfectas', '15.99', 'Belcils', 'dermocosmetica', '', '21', '8431461016231')"" title=""Pack Cejas Perfectas""> Belcils </a></h4><h5 class=""product-name"" itemprop=""name""> <a href=""https://www.primor.eu/belcils/66092-pack-cejas-perfectas.html"" onclick=""onProductClick('category', '66092', 'Pack Cejas Perfectas', '15.99', 'Belcils', 'dermocosmetica', '', '21', '8431461016231')"" title=""Pack Cejas Perfectas""> Pack Cejas Perfectas </a></h5><div><div class=""content_price price-box clearfix""> <span class=""price product-price pull-left""> <span class=""product-price-from""> </span> <span> 15,99 € </span> </span><div class=""reduction-data pull-right""></div></div> <span class=""availability etiqueta-disponible""> <span class=""available-now""> Disponible </span> </span></div><div class=""functional-buttons clearfix""><div class=""wishlist""> <a class=""addToWishlist wishlistProd_66092"" href=""#"" onclick=""WishlistCart('wishlist_block_list', 'add', '66092', '89333', 1); return false;"" rel=""66092"" title=""Añadir a la lista de deseos""> <i class=""fa fa-heart""></i><span>Añadir a la lista de deseos</span> </a></div></div><div class=""button-container""> <a class=""ajax_add_to_cart_button btn-cart"" data-id-product=""66092"" data-minimal_quantity=""1"" data-product-brand=""Belcils"" data-product-category=""dermocosmetica"" data-product-name=""Pack Cejas Perfectas"" data-product-variant=""Set 2 productos"" data-product-variant-id=""89333"" href=""https://www.primor.eu/carro-de-la-compra?add=1&amp;id_product=66092&amp;token=e3b18ac2ea3399860279896bdfc164cd"" rel=""nofollow"" title=""Comprar""> <span><i class=""fa fa-shopping-cart""></i>Comprar</span> </a></div><div class=""product-flags""></div></div>","<span class=""container-line""></span>"
21,"<div class=""left-block""><div class=""product-image-container""> <a class=""product-image product_img_link"" href=""https://www.primor.eu/belcils/66091-mascara-sublime.html"" itemprop=""item"" onclick=""onProductClick('category', '66091', 'Máscara Sublime', '14.99', 'Belcils', 'dermocosmetica', '', '22', '8470001968623')"" title=""Máscara Sublime""> <img alt=""Máscara Sublime"" class=""replace-2x img-responsive"" data-src=""https://cdns3-1.primor.eu/130872-large/mascara-sublime.jpg"" itemprop=""image"" title=""Máscara Sublime""/></a></div></div>","<div class=""right-block""><h4 class=""product-manufacturer""> <a href=""https://www.primor.eu/belcils/66091-mascara-sublime.html"" onclick=""onProductClick('category', '66091', 'Máscara Sublime', '14.99', 'Belcils', 'dermocosmetica', '', '22', '8470001968623')"" title=""Máscara Sublime""> Belcils </a></h4><h5 class=""product-name"" itemprop=""name""> <a href=""https://www.primor.eu/belcils/66091-mascara-sublime.html"" onclick=""onProductClick('category', '66091', 'Máscara Sublime', '14.99', 'Belcils', 'dermocosmetica', '', '22', '8470001968623')"" title=""Máscara Sublime""> Máscara Sublime </a></h5><div><div class=""content_price price-box clearfix""> <span class=""price product-price pull-left""> <span class=""product-price-from""> </span> <span> 14,99 € </span> </span><div class=""reduction-data pull-right""> <span class=""price-percent-reduction pull-right"">-17%</span> <span class=""old-price product-price"">18,05 €</span></div></div> <span class=""availability etiqueta-disponible""> <span class=""available-now""> Disponible </span> </span></div><div class=""functional-buttons clearfix""><div class=""wishlist""> <a class=""addToWishlist wishlistProd_66091"" href=""#"" onclick=""WishlistCart('wishlist_block_list', 'add', '66091', '89332', 1); return false;"" rel=""66091"" title=""Añadir a la lista de deseos""> <i class=""fa fa-heart""></i><span>Añadir a la lista de deseos</span> </a></div></div><div class=""button-container""> <a class=""ajax_add_to_cart_button btn-cart"" data-id-product=""66091"" data-minimal_quantity=""1"" data-product-brand=""Belcils"" data-product-category=""dermocosmetica"" data-product-name=""Máscara Sublime"" data-product-variant=""1 unidad"" data-product-variant-id=""89332"" href=""https://www.primor.eu/carro-de-la-compra?add=1&amp;id_product=66091&amp;token=e3b18ac2ea3399860279896bdfc164cd"" rel=""nofollow"" title=""Comprar""> <span><i class=""fa fa-shopping-cart""></i>Comprar</span> </a></div><div class=""product-flags""></div></div>","<span class=""container-line""></span>"
22,"<div class=""left-block""><div class=""product-image-container""> <a class=""product-image product_img_link"" href=""https://www.primor.eu/sesderma/66090-juveneses-sebum-regulador.html"" itemprop=""item"" onclick=""onProductClick('category', '66090', 'Juveneses Sebum Regulador', '28.75', 'Sesderma', 'hidratantes', '', '23', '8470002609037')"" title=""Juveneses Sebum Regulador""> <img alt=""Juveneses Sebum Regulador"" class=""replace-2x img-responsive"" data-src=""https://cdns3-2.primor.eu/130868-large/juveneses-sebum-regulador.jpg"" itemprop=""image"" title=""Juveneses Sebum Regulador""/></a></div></div>","<div class=""right-block""><h4 class=""product-manufacturer""> <a href=""https://www.primor.eu/sesderma/66090-juveneses-sebum-regulador.html"" onclick=""onProductClick('category', '66090', 'Juveneses Sebum Regulador', '28.75', 'Sesderma', 'hidratantes', '', '23', '8470002609037')"" title=""Juveneses Sebum Regulador""> Sesderma </a></h4><h5 class=""product-name"" itemprop=""name""> <a href=""https://www.primor.eu/sesderma/66090-juveneses-sebum-regulador.html"" onclick=""onProductClick('category', '66090', 'Juveneses Sebum Regulador', '28.75', 'Sesderma', 'hidratantes', '', '23', '8470002609037')"" title=""Juveneses Sebum Regulador""> Juveneses Sebum Regulador </a></h5><div><div class=""content_price price-box clearfix""> <span class=""price product-price pull-left""> <span class=""product-price-from""> </span> <span> 28,75 € </span> </span><div class=""reduction-data pull-right""> <span class=""price-percent-reduction pull-right"">-21%</span> <span class=""old-price product-price"">36,00 €</span></div></div> <span class=""availability etiqueta-disponible""> <span class=""available-now""> Disponible </span> </span></div><div class=""functional-buttons clearfix""><div class=""wishlist""> <a class=""addToWishlist wishlistProd_66090"" href=""#"" onclick=""WishlistCart('wishlist_block_list', 'add', '66090', '89331', 1); return false;"" rel=""66090"" title=""Añadir a la lista de deseos""> <i class=""fa fa-heart""></i><span>Añadir a la lista de deseos</span> </a></div></div><div class=""button-container""> <a class=""ajax_add_to_cart_button btn-cart"" data-id-product=""66090"" data-minimal_quantity=""1"" data-product-brand=""Sesderma"" data-product-category=""hidratantes"" data-product-name=""Juveneses Sebum Regulador"" data-product-variant=""50 ML"" data-product-variant-id=""89331"" href=""https://www.primor.eu/carro-de-la-compra?add=1&amp;id_product=66090&amp;token=e3b18ac2ea3399860279896bdfc164cd"" rel=""nofollow"" title=""Comprar""> <span><i class=""fa fa-shopping-cart""></i>Comprar</span> </a></div><div class=""product-flags""></div></div>","<span class=""container-line""></span>"
23,"<div class=""left-block""><div class=""product-image-container""> <a class=""product-image product_img_link"" href=""https://www.primor.eu/sesderma/66089-hidraloe-contorno-de-ojos.html"" itemprop=""item"" onclick=""onProductClick('category', '66089', 'Hidraloe Contorno de Ojos ', '13.99', 'Sesderma', 'contorno-de-ojos', '', '24', '8429979426109')"" title=""Hidraloe Contorno de Ojos ""> <img alt=""Hidraloe Contorno de Ojos "" class=""replace-2x img-responsive"" data-src=""https://cdns3-3.primor.eu/130866-large/hidraloe-contorno-de-ojos.jpg"" itemprop=""image"" title=""Hidraloe Contorno de Ojos ""/></a></div></div>","<div class=""right-block""><h4 class=""product-manufacturer""> <a href=""https://www.primor.eu/sesderma/66089-hidraloe-contorno-de-ojos.html"" onclick=""onProductClick('category', '66089', 'Hidraloe Contorno de Ojos ', '13.99', 'Sesderma', 'contorno-de-ojos', '', '24', '8429979426109')"" title=""Hidraloe Contorno de Ojos ""> Sesderma </a></h4><h5 class=""product-name"" itemprop=""name""> <a href=""https://www.primor.eu/sesderma/66089-hidraloe-contorno-de-ojos.html"" onclick=""onProductClick('category', '66089', 'Hidraloe Contorno de Ojos ', '13.99', 'Sesderma', 'contorno-de-ojos', '', '24', '8429979426109')"" title=""Hidraloe Contorno de Ojos ""> Hidraloe Contorno de Ojos </a></h5><div><div class=""content_price price-box clearfix""> <span class=""price product-price pull-left""> <span class=""product-price-from""> </span> <span> 13,99 € </span> </span><div class=""reduction-data pull-right""> <span class=""price-percent-reduction pull-right"">-14%</span> <span class=""old-price product-price"">16,10 €</span></div></div> <span class=""availability etiqueta-disponible""> <span class=""available-now""> Disponible </span> </span></div><div class=""functional-buttons clearfix""><div class=""wishlist""> <a class=""addToWishlist wishlistProd_66089"" href=""#"" onclick=""WishlistCart('wishlist_block_list', 'add', '66089', '89330', 1); return false;"" rel=""66089"" title=""Añadir a la lista de deseos""> <i class=""fa fa-heart""></i><span>Añadir a la lista de deseos</span> </a></div></div><div class=""button-container""> <a class=""ajax_add_to_cart_button btn-cart"" data-id-product=""66089"" data-minimal_quantity=""1"" data-product-brand=""Sesderma"" data-product-category=""contorno-de-ojos"" data-product-name=""Hidraloe Contorno de Ojos "" data-product-variant=""15 ML"" data-product-variant-id=""89330"" href=""https://www.primor.eu/carro-de-la-compra?add=1&amp;id_product=66089&amp;token=e3b18ac2ea3399860279896bdfc164cd"" rel=""nofollow"" title=""Comprar""> <span><i class=""fa fa-shopping-cart""></i>Comprar</span> </a></div><div class=""product-flags""></div></div>","<span class=""container-line""></span>"
